{
  "total_voices": 37,
  "generation_time": 26.726486,
  "average_duration": 22.811666666666667
}